Group 1,Group 2,H,p-value,q-value
HB (n=5),N (n=5),2.4545454545454533,0.11718508719813842,0.11718508719813842
