id	condition	pielou_evenness
#q2:types	categorical	numeric
HB1	HB	0.463021835139289
HB2	HB	0.37399896307492
HB3	HB	0.475689871283014
HB4	HB	0.345391239123431
HB5	HB	0.427751148734933
N1	N	0.546883367161061
N2	N	0.499093806494905
N3	N	0.464925332069099
N4	N	0.440357451384235
N5	N	0.44253546469182
