index,Bacteria,
HB,4.9968471525243405,0.0031528474756479423
N,4.999999999999968,0.0
