Group 1,Group 2,H,p-value,q-value
HB (n=5),N (n=5),1.3200000000000003,0.2505920506856808,0.2505920506856808
