id	condition	shannon_entropy
#q2:types	categorical	numeric
HB1	HB	4.39771278742617
HB2	HB	3.424838258343
HB3	HB	4.43004409427299
HB4	HB	3.16721175891709
HB5	HB	4.01849220936704
N1	N	5.40130284356075
N2	N	4.90989917204712
N3	N	4.32979520050623
N4	N	3.88543551045391
N5	N	4.39535727068128
