Group 1,Group 2,H,p-value,q-value
HB (n=5),N (n=5),1.0975609756097515,0.29480199193370277,0.29480199193370277
