Group 1,Group 2,H,p-value,q-value
HB (n=5),N (n=5),3.152727272727269,0.07580017458236198,0.07580017458236198
