id	condition	faith_pd
#q2:types	categorical	numeric
HB1	HB	68.5126949912517
HB2	HB	117.863278187199
HB3	HB	42.3443577829093
HB4	HB	101.040304791756
HB5	HB	100.429338438968
N1	N	44.903207614716
N2	N	43.4421983499724
N3	N	43.6501767235479
N4	N	28.2042112627455
N5	N	45.9761588632731
